"","date_use","cumulative_tests","cumulative_tests_pos","percent_positive_tests_cum","tests","tests_pos","percent_positive_tests","avg_tests","avg_pos_tests","percent_positive_avg_tests"
"1",2021-01-02,10830047,961638,"8.9%",0,0,"NA%",50278,10532,"20.9%"
"2",2021-01-01,10830047,961638,"8.9%",766,232,"30.3%",60251,12997,"21.6%"
"3",2020-12-31,10829281,961406,"8.9%",16481,3371,"20.5%",61444,13324,"21.7%"
"4",2020-12-30,10812800,958035,"8.9%",70818,13951,"19.7%",65894,14053,"21.3%"
"5",2020-12-29,10741982,944084,"8.8%",113906,25556,"22.4%",73216,15135,"20.7%"
"6",2020-12-28,10628076,918528,"8.6%",116793,23099,"19.8%",74966,14617,"19.5%"
"7",2020-12-27,10511283,895429,"8.5%",33183,7514,"22.6%",77582,14250,"18.4%"
"8",2020-12-26,10478100,887915,"8.5%",69810,17258,"24.7%",77996,14152,"18.1%"
"9",2020-12-25,10408290,870657,"8.4%",9118,2521,"27.6%",78939,13819,"17.5%"
"10",2020-12-24,10399172,868136,"8.3%",47627,8470,"17.8%",94557,16211,"17.1%"
"11",2020-12-23,10351545,859666,"8.3%",122075,21527,"17.6%",105273,17845,"17%"
"12",2020-12-22,10229470,838139,"8.2%",126153,21931,"17.4%",105146,17586,"16.7%"
"13",2020-12-21,10103317,816208,"8.1%",135111,20526,"15.2%",104159,17448,"16.8%"
"14",2020-12-20,9968206,795682,"8%",36079,6831,"18.9%",103010,17242,"16.7%"
"15",2020-12-19,9932127,788851,"7.9%",76413,14927,"19.5%",102561,17139,"16.7%"
"16",2020-12-18,9855714,773924,"7.9%",118443,19266,"16.3%",101589,16895,"16.6%"
"17",2020-12-17,9737271,754658,"7.8%",122637,19907,"16.2%",100098,16416,"16.4%"
"18",2020-12-16,9614634,734751,"7.6%",121189,19715,"16.3%",97871,15783,"16.1%"
"19",2020-12-15,9493445,715036,"7.5%",119238,20964,"17.6%",95986,15080,"15.7%"
"20",2020-12-14,9374207,694072,"7.4%",127069,19087,"15%",95022,14343,"15.1%"
"21",2020-12-13,9247138,674985,"7.3%",32938,6104,"18.5%",94050,13792,"14.7%"
"22",2020-12-12,9214200,668881,"7.3%",69612,13219,"19%",93412,13624,"14.6%"
"23",2020-12-11,9144588,655662,"7.2%",108000,15918,"14.7%",92832,13135,"14.1%"
"24",2020-12-10,9036588,639744,"7.1%",107049,15476,"14.5%",92842,12613,"13.6%"
"25",2020-12-09,8929539,624268,"7%",107993,14789,"13.7%",93221,12190,"13.1%"
"26",2020-12-08,8821546,609479,"6.9%",112495,15805,"14%",93150,11819,"12.7%"
"27",2020-12-07,8709051,593674,"6.8%",120265,15231,"12.7%",92765,11309,"12.2%"
"28",2020-12-06,8588786,578443,"6.7%",28472,4927,"17.3%",92082,10828,"11.8%"
"29",2020-12-05,8560314,573516,"6.7%",65552,9797,"14.9%",91732,10632,"11.6%"
"30",2020-12-04,8494762,563719,"6.6%",108065,12263,"11.3%",90958,10458,"11.5%"
"31",2020-12-03,8386697,551456,"6.6%",109705,12519,"11.4%",80725,9347,"11.6%"
"32",2020-12-02,8276992,538937,"6.5%",107496,12190,"11.3%",66380,7741,"11.7%"
"33",2020-12-01,8169496,526747,"6.4%",109800,12233,"11.1%",63493,7068,"11.1%"
"34",2020-11-30,8059696,514514,"6.4%",115483,11866,"10.3%",62760,6341,"10.1%"
"35",2020-11-29,7944213,502648,"6.3%",26025,3557,"13.7%",60812,5567,"9.2%"
"36",2020-11-28,7918188,499091,"6.3%",60130,8575,"14.3%",61365,5421,"8.8%"
"37",2020-11-27,7858058,490516,"6.2%",36437,4491,"12.3%",60883,4830,"7.9%"
"38",2020-11-26,7821621,486025,"6.2%",9291,1273,"13.7%",68040,5044,"7.4%"
"39",2020-11-25,7812330,484752,"6.2%",87283,7480,"8.6%",78287,5626,"7.2%"
"40",2020-11-24,7725047,477272,"6.2%",104673,7143,"6.8%",78390,5360,"6.8%"
"41",2020-11-23,7620374,470129,"6.2%",101843,6447,"6.3%",75643,5128,"6.8%"
"42",2020-11-22,7518531,463682,"6.2%",29897,2538,"8.5%",72749,4994,"6.9%"
"43",2020-11-21,7488634,461144,"6.2%",56755,4437,"7.8%",71506,4911,"6.9%"
"44",2020-11-20,7431879,456707,"6.1%",86541,5987,"6.9%",69642,4789,"6.9%"
"45",2020-11-19,7345338,450720,"6.1%",81016,5352,"6.6%",67571,4581,"6.8%"
"46",2020-11-18,7264322,445368,"6.1%",88008,5619,"6.4%",66174,4394,"6.6%"
"47",2020-11-17,7176314,439749,"6.1%",85444,5517,"6.5%",62866,4106,"6.5%"
"48",2020-11-16,7090870,434232,"6.1%",81583,5505,"6.7%",60325,3802,"6.3%"
"49",2020-11-15,7009287,428727,"6.1%",21198,1963,"9.3%",58546,3520,"6%"
"50",2020-11-14,6988089,426764,"6.1%",43704,3579,"8.2%",57597,3384,"5.9%"
"51",2020-11-13,6944385,423185,"6.1%",72043,4529,"6.3%",56031,3191,"5.7%"
"52",2020-11-12,6872342,418656,"6.1%",71239,4049,"5.7%",54359,2978,"5.5%"
"53",2020-11-11,6801103,414607,"6.1%",64852,3601,"5.6%",52926,2827,"5.3%"
"54",2020-11-10,6736251,411006,"6.1%",67657,3388,"5%",52908,2734,"5.2%"
"55",2020-11-09,6668594,407618,"6.1%",69126,3528,"5.1%",51678,2616,"5.1%"
"56",2020-11-08,6599468,404090,"6.1%",14558,1011,"6.9%",50861,2531,"5%"
"57",2020-11-07,6584910,403079,"6.1%",32739,2232,"6.8%",50658,2506,"4.9%"
"58",2020-11-06,6552171,400847,"6.1%",60344,3034,"5%",49890,2424,"4.9%"
"59",2020-11-05,6491827,397813,"6.1%",61204,2995,"4.9%",48266,2299,"4.8%"
"60",2020-11-04,6430623,394818,"6.1%",64726,2951,"4.6%",47525,2163,"4.6%"
"61",2020-11-03,6365897,391867,"6.2%",59051,2563,"4.3%",46932,1986,"4.2%"
"62",2020-11-02,6306846,389304,"6.2%",63408,2933,"4.6%",46960,1886,"4%"
"63",2020-11-01,6243438,386371,"6.2%",13136,835,"6.4%",46286,1769,"3.8%"
"64",2020-10-31,6230302,385536,"6.2%",27360,1660,"6.1%",46253,1736,"3.8%"
"65",2020-10-30,6202942,383876,"6.2%",48980,2158,"4.4%",46089,1699,"3.7%"
"66",2020-10-29,6153962,381718,"6.2%",56012,2039,"3.6%",46246,1688,"3.7%"
"67",2020-10-28,6097950,379679,"6.2%",60576,1711,"2.8%",45605,1662,"3.6%"
"68",2020-10-27,6037374,377968,"6.3%",59245,1863,"3.1%",44951,1692,"3.8%"
"69",2020-10-26,5978129,376105,"6.3%",58690,2120,"3.6%",44223,1696,"3.8%"
"70",2020-10-25,5919439,373985,"6.3%",12910,601,"4.7%",43591,1713,"3.9%"
"71",2020-10-24,5906529,373384,"6.3%",26207,1403,"5.4%",43403,1724,"4%"
"72",2020-10-23,5880322,371981,"6.3%",50080,2078,"4.1%",43157,1710,"4%"
"73",2020-10-22,5830242,369903,"6.3%",51525,1858,"3.6%",42926,1666,"3.9%"
"74",2020-10-21,5778717,368045,"6.4%",56003,1920,"3.4%",42702,1647,"3.9%"
"75",2020-10-20,5722714,366125,"6.4%",54145,1894,"3.5%",42279,1613,"3.8%"
"76",2020-10-19,5668569,364231,"6.4%",54270,2235,"4.1%",41807,1560,"3.7%"
"77",2020-10-18,5614299,361996,"6.4%",11592,679,"5.9%",41135,1508,"3.7%"
"78",2020-10-17,5602707,361317,"6.4%",24481,1303,"5.3%",41133,1494,"3.6%"
"79",2020-10-16,5578226,360014,"6.5%",48463,1772,"3.7%",41203,1503,"3.6%"
"80",2020-10-15,5529763,358242,"6.5%",49961,1729,"3.5%",40939,1487,"3.6%"
"81",2020-10-14,5479802,356513,"6.5%",53044,1676,"3.2%",40668,1458,"3.6%"
"82",2020-10-13,5426758,354837,"6.5%",50839,1525,"3%",40629,1460,"3.6%"
"83",2020-10-12,5375919,353312,"6.6%",49567,1871,"3.8%",40564,1439,"3.5%"
"84",2020-10-11,5326352,351441,"6.6%",11575,579,"5%",40498,1431,"3.5%"
"85",2020-10-10,5314777,350862,"6.6%",24974,1371,"5.5%",40473,1420,"3.5%"
"86",2020-10-09,5289803,349491,"6.6%",46613,1658,"3.6%",40472,1381,"3.4%"
"87",2020-10-08,5243190,347833,"6.6%",48061,1528,"3.2%",40208,1357,"3.4%"
"88",2020-10-07,5195129,346305,"6.7%",52772,1689,"3.2%",39170,1347,"3.4%"
"89",2020-10-06,5142357,344616,"6.7%",50383,1375,"2.7%",38075,1319,"3.5%"
"90",2020-10-05,5091974,343241,"6.7%",49106,1817,"3.7%",36889,1324,"3.6%"
"91",2020-10-04,5042868,341424,"6.8%",11402,500,"4.4%",35123,1268,"3.6%"
"92",2020-10-03,5031466,340924,"6.8%",24967,1100,"4.4%",34840,1271,"3.6%"
"93",2020-10-02,5006499,339824,"6.8%",44766,1490,"3.3%",34257,1264,"3.7%"
"94",2020-10-01,4961733,338334,"6.8%",40796,1456,"3.6%",33139,1262,"3.8%"
"95",2020-09-30,4920937,336878,"6.8%",45104,1497,"3.3%",33104,1266,"3.8%"
"96",2020-09-29,4875833,335381,"6.9%",42079,1406,"3.3%",33175,1260,"3.8%"
"97",2020-09-28,4833754,333975,"6.9%",36744,1425,"3.9%",33365,1245,"3.7%"
"98",2020-09-27,4797010,332550,"6.9%",9421,521,"5.5%",34265,1269,"3.7%"
"99",2020-09-26,4787589,332029,"6.9%",20889,1050,"5%",34265,1270,"3.7%"
"100",2020-09-25,4766700,330979,"6.9%",36939,1479,"4%",34228,1259,"3.7%"
"101",2020-09-24,4729761,329500,"7%",40551,1487,"3.7%",34231,1239,"3.6%"
"102",2020-09-23,4689210,328013,"7%",45599,1451,"3.2%",34163,1223,"3.6%"
"103",2020-09-22,4643611,326562,"7%",43410,1302,"3%",33521,1225,"3.7%"
"104",2020-09-21,4600201,325260,"7.1%",43047,1594,"3.7%",32951,1217,"3.7%"
"105",2020-09-20,4557154,323666,"7.1%",9422,524,"5.6%",32401,1215,"3.7%"
"106",2020-09-19,4547732,323142,"7.1%",20628,976,"4.7%",32100,1184,"3.7%"
"107",2020-09-18,4527104,322166,"7.1%",36962,1342,"3.6%",32081,1176,"3.7%"
"108",2020-09-17,4490142,320824,"7.1%",40074,1371,"3.4%",32073,1171,"3.7%"
"109",2020-09-16,4450068,319453,"7.2%",41107,1463,"3.6%",31619,1154,"3.6%"
"110",2020-09-15,4408961,317990,"7.2%",39420,1250,"3.2%",31403,1148,"3.7%"
"111",2020-09-14,4369541,316740,"7.2%",39196,1577,"4%",31966,1209,"3.8%"
"112",2020-09-13,4330345,315163,"7.3%",7313,308,"4.2%",27741,1051,"3.8%"
"113",2020-09-12,4323032,314855,"7.3%",20494,918,"4.5%",27932,1075,"3.8%"
"114",2020-09-11,4302538,313937,"7.3%",36904,1312,"3.6%",26623,1024,"3.8%"
"115",2020-09-10,4265634,312625,"7.3%",36901,1253,"3.4%",26060,1044,"4%"
"116",2020-09-09,4228733,311372,"7.4%",39595,1416,"3.6%",25570,1074,"4.2%"
"117",2020-09-08,4189138,309956,"7.4%",43359,1679,"3.9%",25588,1098,"4.3%"
"118",2020-09-07,4145779,308277,"7.4%",9619,468,"4.9%",24633,1064,"4.3%"
"119",2020-09-06,4136160,307809,"7.4%",8651,478,"5.5%",28386,1251,"4.4%"
"120",2020-09-05,4127509,307331,"7.4%",11335,561,"4.9%",28476,1254,"4.4%"
"121",2020-09-04,4116174,306770,"7.5%",32961,1453,"4.4%",29869,1354,"4.5%"
"122",2020-09-03,4083213,305317,"7.5%",33473,1464,"4.4%",29799,1382,"4.6%"
"123",2020-09-02,4049740,303853,"7.5%",39717,1586,"4%",29697,1414,"4.8%"
"124",2020-09-01,4010023,302267,"7.5%",36672,1437,"3.9%",29838,1453,"4.9%"
"125",2020-08-31,3973351,300830,"7.6%",35891,1781,"5%",29873,1504,"5%"
"126",2020-08-30,3937460,299049,"7.6%",9283,497,"5.4%",30009,1551,"5.2%"
"127",2020-08-29,3928177,298552,"7.6%",21087,1261,"6%",30026,1574,"5.2%"
"128",2020-08-28,3907090,297291,"7.6%",32472,1650,"5.1%",30070,1599,"5.3%"
"129",2020-08-27,3874618,295641,"7.6%",32756,1685,"5.1%",30512,1652,"5.4%"
"130",2020-08-26,3841862,293956,"7.7%",40708,1860,"4.6%",30655,1683,"5.5%"
"131",2020-08-25,3801154,292096,"7.7%",36917,1795,"4.9%",30328,1704,"5.6%"
"132",2020-08-24,3764237,290301,"7.7%",36842,2106,"5.7%",30432,1736,"5.7%"
"133",2020-08-23,3727395,288195,"7.7%",9400,661,"7%",30528,1756,"5.8%"
"134",2020-08-22,3717995,287534,"7.7%",21396,1436,"6.7%",30603,1763,"5.8%"
"135",2020-08-21,3696599,286098,"7.7%",35565,2019,"5.7%",30749,1802,"5.9%"
"136",2020-08-20,3661034,284079,"7.8%",33757,1905,"5.6%",30554,1822,"6%"
"137",2020-08-19,3627277,282174,"7.8%",38418,2003,"5.2%",31005,1863,"6%"
"138",2020-08-18,3588859,280171,"7.8%",37648,2025,"5.4%",31628,1930,"6.1%"
"139",2020-08-17,3551211,278146,"7.8%",37514,2245,"6%",32339,1980,"6.1%"
"140",2020-08-16,3513697,275901,"7.9%",9922,706,"7.1%",33301,2090,"6.3%"
"141",2020-08-15,3503775,275195,"7.9%",22418,1713,"7.6%",33505,2105,"6.3%"
"142",2020-08-14,3481357,273482,"7.9%",34200,2157,"6.3%",33957,2137,"6.3%"
"143",2020-08-13,3447157,271325,"7.9%",36913,2189,"5.9%",35289,2240,"6.3%"
"144",2020-08-12,3410244,269136,"7.9%",42782,2476,"5.8%",36525,2321,"6.4%"
"145",2020-08-11,3367462,266660,"7.9%",42623,2377,"5.6%",37081,2366,"6.4%"
"146",2020-08-10,3324839,264283,"7.9%",44252,3013,"6.8%",38639,2469,"6.4%"
"147",2020-08-09,3280587,261270,"8%",11347,810,"7.1%",38732,2490,"6.4%"
"148",2020-08-08,3269240,260460,"8%",25582,1935,"7.6%",38902,2503,"6.4%"
"149",2020-08-07,3243658,258525,"8%",43526,2883,"6.6%",39629,2558,"6.5%"
"150",2020-08-06,3200132,255642,"8%",45560,2752,"6%",40676,2597,"6.4%"
"151",2020-08-05,3154572,252890,"8%",46674,2792,"6%",41215,2660,"6.5%"
"152",2020-08-04,3107898,250098,"8%",53533,3096,"5.8%",41948,2730,"6.5%"
"153",2020-08-03,3054365,247002,"8.1%",44904,3160,"7%",42408,2783,"6.6%"
"154",2020-08-02,3009461,243842,"8.1%",12536,901,"7.2%",44605,2864,"6.4%"
"155",2020-08-01,2996925,242941,"8.1%",30668,2321,"7.6%",44671,2876,"6.4%"
"156",2020-07-31,2966257,240620,"8.1%",50859,3158,"6.2%",44450,2967,"6.7%"
"157",2020-07-30,2915398,237462,"8.1%",49331,3190,"6.5%",42841,3076,"7.2%"
"158",2020-07-29,2866067,234272,"8.2%",51803,3285,"6.3%",42839,3215,"7.5%"
"159",2020-07-28,2814264,230987,"8.2%",56752,3465,"6.1%",43108,3322,"7.7%"
"160",2020-07-27,2757512,227522,"8.3%",60286,3731,"6.2%",43862,3439,"7.8%"
"161",2020-07-26,2697226,223791,"8.3%",12997,983,"7.6%",44187,3546,"8%"
"162",2020-07-25,2684229,222808,"8.3%",29123,2956,"10.2%",44849,3569,"8%"
"163",2020-07-24,2655106,219852,"8.3%",39597,3922,"9.9%",45350,3558,"7.8%"
"164",2020-07-23,2615509,215930,"8.3%",49318,4161,"8.4%",47193,3584,"7.6%"
"165",2020-07-22,2566191,211769,"8.3%",53681,4038,"7.5%",48340,3603,"7.5%"
"166",2020-07-21,2512510,207731,"8.3%",62034,4283,"6.9%",48013,3564,"7.4%"
"167",2020-07-20,2450476,203448,"8.3%",62556,4481,"7.2%",46477,3563,"7.7%"
"168",2020-07-19,2387920,198967,"8.3%",17632,1144,"6.5%",44643,3555,"8%"
"169",2020-07-18,2370288,197823,"8.3%",32632,2878,"8.8%",43785,3579,"8.2%"
"170",2020-07-17,2337656,194945,"8.3%",52497,4100,"7.8%",43535,3596,"8.3%"
"171",2020-07-16,2285159,190845,"8.4%",57345,4299,"7.5%",42548,3582,"8.4%"
"172",2020-07-15,2227814,186546,"8.4%",51397,3765,"7.3%",40930,3578,"8.7%"
"173",2020-07-14,2176417,182781,"8.4%",51280,4274,"8.3%",40295,3629,"9%"
"174",2020-07-13,2125137,178507,"8.4%",49718,4427,"8.9%",39445,3616,"9.2%"
"175",2020-07-12,2075419,174080,"8.4%",11627,1308,"11.2%",37349,3439,"9.2%"
"176",2020-07-11,2063792,172772,"8.4%",30882,2998,"9.7%",37141,3427,"9.2%"
"177",2020-07-10,2032910,169774,"8.4%",45590,4000,"8.8%",33693,3128,"9.3%"
"178",2020-07-09,1987320,165774,"8.3%",46014,4273,"9.3%",29817,2811,"9.4%"
"179",2020-07-08,1941306,161501,"8.3%",46954,4126,"8.8%",29784,2775,"9.3%"
"180",2020-07-07,1894352,157375,"8.3%",45330,4179,"9.2%",29167,2751,"9.4%"
"181",2020-07-06,1849022,153196,"8.3%",35044,3190,"9.1%",28333,2673,"9.4%"
"182",2020-07-05,1813978,150006,"8.3%",10172,1222,"12%",28937,2731,"9.4%"
"183",2020-07-04,1803806,148784,"8.2%",6747,905,"13.4%",28939,2709,"9.4%"
"184",2020-07-03,1797059,147879,"8.2%",18460,1783,"9.7%",31719,2952,"9.3%"
"185",2020-07-02,1778599,146096,"8.2%",45782,4021,"8.8%",34722,3199,"9.2%"
"186",2020-07-01,1732817,142075,"8.2%",42637,3959,"9.3%",33834,3135,"9.3%"
"187",2020-06-30,1690180,138116,"8.2%",39492,3634,"9.2%",32718,3034,"9.3%"
"188",2020-06-29,1650688,134482,"8.1%",39271,3593,"9.1%",31828,2950,"9.3%"
"189",2020-06-28,1611417,130889,"8.1%",10186,1065,"10.5%",30717,2842,"9.3%"
"190",2020-06-27,1601231,129824,"8.1%",26202,2609,"10%",30497,2835,"9.3%"
"191",2020-06-26,1575029,127215,"8.1%",39485,3511,"8.9%",29123,2744,"9.4%"
"192",2020-06-25,1535544,123704,"8.1%",39565,3576,"9%",27558,2601,"9.4%"
"193",2020-06-24,1495979,120128,"8%",34828,3252,"9.3%",25861,2464,"9.5%"
"194",2020-06-23,1461151,116876,"8%",33257,3044,"9.2%",24813,2371,"9.6%"
"195",2020-06-22,1427894,113832,"8%",31495,2834,"9%",24084,2274,"9.4%"
"196",2020-06-21,1396399,110998,"7.9%",8650,1019,"11.8%",23806,2211,"9.3%"
"197",2020-06-20,1387749,109979,"7.9%",16582,1971,"11.9%",23688,2165,"9.1%"
"198",2020-06-19,1371167,108008,"7.9%",28532,2513,"8.8%",23785,2094,"8.8%"
"199",2020-06-18,1342635,105495,"7.9%",27685,2614,"9.4%",23847,2000,"8.4%"
"200",2020-06-17,1314950,102881,"7.8%",27488,2602,"9.5%",23874,1924,"8.1%"
"201",2020-06-16,1287462,100279,"7.8%",28154,2364,"8.4%",24152,1854,"7.7%"
"202",2020-06-15,1259308,97915,"7.8%",29553,2395,"8.1%",24560,1776,"7.2%"
"203",2020-06-14,1229755,95520,"7.8%",7821,693,"8.9%",24362,1723,"7.1%"
"204",2020-06-13,1221934,94827,"7.8%",17260,1476,"8.6%",24291,1701,"7%"
"205",2020-06-12,1204674,93351,"7.7%",28965,1858,"6.4%",24808,1682,"6.8%"
"206",2020-06-11,1175709,91493,"7.8%",27874,2079,"7.5%",24748,1672,"6.8%"
"207",2020-06-10,1147835,89414,"7.8%",29438,2115,"7.2%",24306,1617,"6.7%"
"208",2020-06-09,1118397,87299,"7.8%",31007,1817,"5.9%",23454,1563,"6.7%"
"209",2020-06-08,1087390,85482,"7.9%",28168,2023,"7.2%",22085,1541,"7%"
"210",2020-06-07,1059222,83459,"7.9%",7326,541,"7.4%",20773,1442,"6.9%"
"211",2020-06-06,1051896,82918,"7.9%",20879,1339,"6.4%",20618,1427,"6.9%"
"212",2020-06-05,1031017,81579,"7.9%",28543,1788,"6.3%",19941,1406,"7.1%"
"213",2020-06-04,1002474,79791,"8%",24781,1693,"6.8%",19533,1415,"7.2%"
"214",2020-06-03,977693,78098,"8%",23475,1738,"7.4%",19566,1423,"7.3%"
"215",2020-06-02,954218,76360,"8%",21424,1666,"7.8%",20057,1451,"7.2%"
"216",2020-06-01,932794,74694,"8%",18980,1328,"7%",21234,1576,"7.4%"
"217",2020-05-31,913814,73366,"8%",6242,434,"7%",19472,1494,"7.7%"
"218",2020-05-30,907572,72932,"8%",16140,1194,"7.4%",19464,1502,"7.7%"
"219",2020-05-29,891432,71738,"8%",25688,1852,"7.2%",19554,1482,"7.6%"
"220",2020-05-28,865744,69886,"8.1%",25015,1752,"7%",19471,1432,"7.4%"
"221",2020-05-27,840729,68134,"8.1%",26907,1928,"7.2%",19328,1413,"7.3%"
"222",2020-05-26,813822,66206,"8.1%",29668,2546,"8.6%",19106,1432,"7.5%"
"223",2020-05-25,784154,63660,"8.1%",6645,753,"11.3%",18349,1300,"7.1%"
"224",2020-05-24,777509,62907,"8.1%",6184,487,"7.9%",21182,1454,"6.9%"
"225",2020-05-23,771325,62420,"8.1%",16771,1053,"6.3%",21328,1465,"6.9%"
"226",2020-05-22,754554,61367,"8.1%",25110,1504,"6%",21511,1467,"6.8%"
"227",2020-05-21,729444,59863,"8.2%",24011,1623,"6.8%",22219,1522,"6.8%"
"228",2020-05-20,705433,58240,"8.3%",25356,2058,"8.1%",23054,1571,"6.8%"
"229",2020-05-19,680077,56182,"8.3%",24365,1623,"6.7%",23199,1480,"6.4%"
"230",2020-05-18,655712,54559,"8.3%",26478,1831,"6.9%",23347,1467,"6.3%"
"231",2020-05-17,629234,52728,"8.4%",7208,564,"7.8%",22725,1405,"6.2%"
"232",2020-05-16,622026,52164,"8.4%",18046,1069,"5.9%",22575,1393,"6.2%"
"233",2020-05-15,603980,51095,"8.5%",30070,1886,"6.3%",22217,1377,"6.2%"
"234",2020-05-14,573910,49209,"8.6%",29855,1966,"6.6%",20974,1286,"6.1%"
"235",2020-05-13,544055,47243,"8.7%",26369,1424,"5.4%",20164,1183,"5.9%"
"236",2020-05-12,517686,45819,"8.9%",25400,1527,"6%",20170,1174,"5.8%"
"237",2020-05-11,492286,44292,"9%",22130,1399,"6.3%",19716,1163,"5.9%"
"238",2020-05-10,470156,42893,"9.1%",6158,479,"7.8%",19551,1108,"5.7%"
"239",2020-05-09,463998,42414,"9.1%",15534,955,"6.1%",19722,1112,"5.6%"
"240",2020-05-08,448464,41459,"9.2%",21372,1252,"5.9%",19866,1095,"5.5%"
"241",2020-05-07,427092,40207,"9.4%",24185,1247,"5.2%",19917,1081,"5.4%"
"242",2020-05-06,402907,38960,"9.7%",26409,1359,"5.1%",19525,1074,"5.5%"
"243",2020-05-05,376498,37601,"10%",22223,1451,"6.5%",17902,1058,"5.9%"
"244",2020-05-04,354275,36150,"10.2%",20976,1010,"4.8%",16824,1032,"6.1%"
"245",2020-05-03,333299,35140,"10.5%",7355,509,"6.9%",16141,1084,"6.7%"
"246",2020-05-02,325944,34631,"10.6%",16542,835,"5%",15812,1091,"6.9%"
"247",2020-05-01,309402,33796,"10.9%",21726,1159,"5.3%",15022,1131,"7.5%"
"248",2020-04-30,287676,32637,"11.3%",21442,1192,"5.6%",13665,1149,"8.4%"
"249",2020-04-29,266234,31445,"11.8%",15053,1252,"8.3%",11821,1140,"9.6%"
"250",2020-04-28,251181,30193,"12%",14675,1270,"8.7%",10952,1102,"10.1%"
"251",2020-04-27,236506,28923,"12.2%",16196,1370,"8.5%",10457,1075,"10.3%"
"252",2020-04-26,220310,27553,"12.5%",5047,562,"11.1%",9381,1045,"11.1%"
"253",2020-04-25,215263,26991,"12.5%",11018,1109,"10.1%",9234,1034,"11.2%"
"254",2020-04-24,204245,25882,"12.7%",12223,1286,"10.5%",8614,980,"11.4%"
"255",2020-04-23,192022,24596,"12.8%",8535,1131,"13.3%",8206,924,"11.3%"
"256",2020-04-22,183487,23465,"12.8%",8968,983,"11%",8260,891,"10.8%"
"257",2020-04-21,174519,22482,"12.9%",11213,1087,"9.7%",8300,906,"10.9%"
"258",2020-04-20,163306,21395,"13.1%",8665,1160,"13.4%",7603,879,"11.6%"
"259",2020-04-19,154641,20235,"13.1%",4019,480,"11.9%",7043,841,"11.9%"
"260",2020-04-18,150622,19755,"13.1%",6672,735,"11%",6717,822,"12.2%"
"261",2020-04-17,143950,19020,"13.2%",9367,893,"9.5%",6317,791,"12.5%"
"262",2020-04-16,134583,18127,"13.5%",8918,896,"10%",6049,772,"12.8%"
"263",2020-04-15,125665,17231,"13.7%",9245,1090,"11.8%",5823,749,"12.9%"
"264",2020-04-14,116420,16141,"13.9%",6336,902,"14.2%",5312,711,"13.4%"
"265",2020-04-13,110084,15239,"13.8%",4744,890,"18.8%",5091,706,"13.9%"
"266",2020-04-12,105340,14349,"13.6%",1737,351,"20.2%",4951,660,"13.3%"
"267",2020-04-11,103603,13998,"13.5%",3874,514,"13.3%",5000,677,"13.5%"
"268",2020-04-10,99729,13484,"13.5%",7489,759,"10.1%",4923,685,"13.9%"
"269",2020-04-09,92240,12725,"13.8%",7335,740,"10.1%",4689,678,"14.5%"
"270",2020-04-08,84905,11985,"14.1%",5671,823,"14.5%",4408,681,"15.4%"
"271",2020-04-07,79234,11162,"14.1%",4788,868,"18.1%",4356,673,"15.4%"
"272",2020-04-06,74446,10294,"13.8%",3762,562,"14.9%",4358,648,"14.9%"
"273",2020-04-05,70684,9732,"13.8%",2084,476,"22.8%",4452,662,"14.9%"
"274",2020-04-04,68600,9256,"13.5%",3330,568,"17.1%",4368,634,"14.5%"
"275",2020-04-03,65270,8688,"13.3%",5856,712,"12.2%",4330,616,"14.2%"
"276",2020-04-02,59414,7976,"13.4%",5364,757,"14.1%",4043,590,"14.6%"
"277",2020-04-01,54050,7219,"13.4%",5311,767,"14.4%",3754,547,"14.6%"
"278",2020-03-31,48739,6452,"13.2%",4797,696,"14.5%",3467,498,"14.4%"
"279",2020-03-30,43942,5756,"13.1%",4421,657,"14.9%",3257,461,"14.2%"
"280",2020-03-29,39521,5099,"12.9%",1496,282,"18.9%",3103,428,"13.8%"
"281",2020-03-28,38025,4817,"12.7%",3065,439,"14.3%",3057,419,"13.7%"
"282",2020-03-27,34960,4378,"12.5%",3849,529,"13.7%",2803,381,"13.6%"
"283",2020-03-26,31111,3849,"12.4%",3340,461,"13.8%",2632,348,"13.2%"
"284",2020-03-25,27771,3388,"12.2%",3303,424,"12.8%",2506,321,"12.8%"
"285",2020-03-24,24468,2964,"12.1%",3328,432,"13%",2346,293,"12.5%"
"286",2020-03-23,21140,2532,"12%",3339,428,"12.8%",2226,269,"12.1%"
"287",2020-03-22,17801,2104,"11.8%",1174,222,"18.9%",2016,241,"12%"
"288",2020-03-21,16627,1882,"11.3%",1288,172,"13.4%",1950,219,"11.2%"
"289",2020-03-20,15339,1710,"11.1%",2650,295,"11.1%",1856,205,"11%"
"290",2020-03-19,12689,1415,"11.2%",2461,275,"11.2%",1621,180,"11.1%"
"291",2020-03-18,10228,1140,"11.1%",2185,227,"10.4%",1386,155,"11.2%"
"292",2020-03-17,8043,913,"11.4%",2483,266,"10.7%",1124,127,"11.3%"
"293",2020-03-16,5560,647,"11.6%",1872,231,"12.3%",794,92,"11.6%"
"294",2020-03-15,3688,416,"11.3%",710,65,"9.2%",NA,NA,"NA%"
"295",2020-03-14,2978,351,"11.8%",629,74,"11.8%",NA,NA,"NA%"
"296",2020-03-13,2349,277,"11.8%",1007,119,"11.8%",NA,NA,"NA%"
"297",2020-03-12,1342,158,"11.8%",819,104,"12.7%",NA,NA,"NA%"
"298",2020-03-11,523,54,"10.3%",347,33,"9.5%",NA,NA,"NA%"
"299",2020-03-10,176,21,"11.9%",176,21,"11.9%",NA,NA,"NA%"
